Cauta Eveniment Dupa Nume,2020-04-30 20:05:47
Cauta Eveniment Dupa Nume,2020-04-30 20:05:47
Afisarea Locurilor Disponibile la Nume de Teatru,2020-04-30 20:05:47
Clientul Mariuca a rezervat locul normal 27 la Nume Film,2020-04-30 20:05:47
Clientul Ana a rezervat locul normal 26 la Nume de Teatru,2020-04-30 20:05:47
Afisare Locuri Rezervate de Ana,2020-04-30 20:05:47
Cauta Eveniment Dupa Nume,2020-04-30 20:06:53
Cauta Eveniment Dupa Nume,2020-04-30 20:06:53
Afisarea Locurilor Disponibile la Nume de Teatru,2020-04-30 20:06:53
Clientul Mariuca a rezervat locul normal 27 la Nume Film,2020-04-30 20:06:53
Clientul Ana a rezervat locul normal 26 la Nume de Teatru,2020-04-30 20:06:53
Afisare Locuri Rezervate de Ana,2020-04-30 20:06:53
Cauta Eveniment Dupa Nume,2020-04-30 20:07:06
Cauta Eveniment Dupa Nume,2020-04-30 20:07:06
Afisarea Locurilor Disponibile la Nume de Teatru,2020-04-30 20:07:06
Clientul Mariuca a rezervat locul normal 27 la Nume Film,2020-04-30 20:07:06
Clientul Ana a rezervat locul normal 26 la Nume de Teatru,2020-04-30 20:07:06
Afisare Locuri Rezervate de Ana,2020-04-30 20:07:06
Cauta Eveniment Dupa Nume,2020-04-30 21:16:22
Cauta Eveniment Dupa Nume,2020-04-30 21:16:22
Afisarea Locurilor Disponibile la Nume de Teatru,2020-04-30 21:16:22
Clientul Mariuca a rezervat locul normal 27 la Nume Film1,2020-04-30 21:16:22
Clientul Ana a rezervat locul normal 26 la Nume de Teatru,2020-04-30 21:16:22
Afisare Locuri Rezervate de Ana,2020-04-30 21:16:22
Cauta Eveniment Dupa Nume,2020-04-30 21:17:13
Cauta Eveniment Dupa Nume,2020-04-30 21:17:13
Afisarea Locurilor Disponibile la Nume de Teatru,2020-04-30 21:17:13
Clientul Mariuca a rezervat locul normal 27 la Nume Film,2020-04-30 21:17:13
Clientul Ana a rezervat locul normal 26 la Nume de Teatru,2020-04-30 21:17:13
Afisare Locuri Rezervate de Ana,2020-04-30 21:17:13
Cauta Eveniment Dupa Nume,2020-04-30 21:19:26
Cauta Eveniment Dupa Nume,2020-04-30 21:19:26
Afisarea Locurilor Disponibile la Nume de Teatru,2020-04-30 21:19:26
Clientul Mariuca a rezervat locul normal 27 la Nume Film1,2020-04-30 21:19:26
Clientul Ana a rezervat locul normal 26 la Nume de Teatru,2020-04-30 21:19:26
Afisare Locuri Rezervate de Ana,2020-04-30 21:19:26
Clientul Ana a anulat rezervarea la Nume de Teatru,2020-04-30 21:19:26
Afisare Locuri Rezervate de Ana,2020-04-30 21:19:26
Afisarea Tuturor Evenimentelor Disponibile,2020-04-30 21:19:26
Cautarea Evenimentelor de comedie,2020-04-30 21:19:26
Cautare Locuri VIP,2020-04-30 21:19:26
Cauta Opera,2020-04-30 21:19:26
Cautarea Evenimentelor din data Feb 30, 2020,2020-04-30 21:19:26
Clientul George a rezervat locul normal 26 la Nume de Teatru,2020-04-30 21:19:26
Clientul George a anulat rezervarea la Nume de Teatru,2020-04-30 21:19:26
Clientul George a rezervat locul VIP 46 la Nume de Teatru,2020-04-30 21:19:26
Clientul George a schimbat locul la Nume de Teatru,2020-04-30 21:19:26
Cauta Eveniment Dupa Nume,2020-04-30 21:19:57
Cauta Eveniment Dupa Nume,2020-04-30 21:19:57
Afisarea Locurilor Disponibile la Nume de Teatru,2020-04-30 21:19:57
Clientul Mariuca a rezervat locul normal 27 la Nume Film1,2020-04-30 21:19:57
Clientul Ana a rezervat locul normal 26 la Nume de Teatru,2020-04-30 21:19:57
Afisare Locuri Rezervate de Ana,2020-04-30 21:19:57
Clientul Ana a anulat rezervarea la Nume de Teatru,2020-04-30 21:19:57
Afisare Locuri Rezervate de Mariuca,2020-04-30 21:19:57
Afisarea Tuturor Evenimentelor Disponibile,2020-04-30 21:19:57
Cautarea Evenimentelor de comedie,2020-04-30 21:19:57
Cautare Locuri VIP,2020-04-30 21:19:57
Cauta Opera,2020-04-30 21:19:57
Cautarea Evenimentelor din data Feb 30, 2020,2020-04-30 21:19:57
Clientul George a rezervat locul normal 26 la Nume de Teatru,2020-04-30 21:19:57
Clientul George a anulat rezervarea la Nume de Teatru,2020-04-30 21:19:57
Clientul George a rezervat locul VIP 46 la Nume de Teatru,2020-04-30 21:19:57
Clientul George a schimbat locul la Nume de Teatru,2020-04-30 21:19:57
Cauta Eveniment Dupa Nume,2020-04-30 21:23:02
Cauta Eveniment Dupa Nume,2020-04-30 21:23:02
Afisarea Locurilor Disponibile la Nume de Teatru,2020-04-30 21:23:02
Clientul Mariuca a rezervat locul normal 27 la Nume Film1,2020-04-30 21:23:02
Clientul Ana a rezervat locul normal 26 la Nume de Teatru,2020-04-30 21:23:02
Afisare Locuri Rezervate de Ana,2020-04-30 21:23:02
Clientul Ana a anulat rezervarea la Nume de Teatru,2020-04-30 21:23:02
Afisare Locuri Rezervate de Mariuca,2020-04-30 21:23:02
Afisarea Tuturor Evenimentelor Disponibile,2020-04-30 21:23:02
Cautarea Evenimentelor de comedie,2020-04-30 21:23:02
Cautare Locuri VIP,2020-04-30 21:23:02
Cauta Opera,2020-04-30 21:23:02
Cautarea Evenimentelor din data Feb 30, 2020,2020-04-30 21:23:02
Clientul George a rezervat locul normal 26 la Nume de Teatru,2020-04-30 21:23:02
Clientul George a anulat rezervarea la Nume de Teatru,2020-04-30 21:23:02
Clientul George a rezervat locul VIP 46 la Nume de Teatru,2020-04-30 21:23:02
Clientul George a schimbat locul la Nume de Teatru,2020-04-30 21:23:02
Cauta Eveniment Dupa Nume,2020-04-30 21:24:17
Cauta Eveniment Dupa Nume,2020-04-30 21:24:17
Afisarea Locurilor Disponibile la Nume de Teatru,2020-04-30 21:24:17
Clientul Mariuca a rezervat locul normal 27 la Nume Film1,2020-04-30 21:24:17
Clientul Ana a rezervat locul normal 26 la Nume de Teatru,2020-04-30 21:24:17
Afisare Locuri Rezervate de Ana,2020-04-30 21:24:17
Clientul Ana a anulat rezervarea la Nume de Teatru,2020-04-30 21:24:17
Afisare Locuri Rezervate de Mariuca,2020-04-30 21:24:17
Afisarea Tuturor Evenimentelor Disponibile,2020-04-30 21:24:17
Cautarea Evenimentelor de comedie,2020-04-30 21:24:17
Cautare Locuri VIP,2020-04-30 21:24:17
Cauta Opera,2020-04-30 21:24:17
Cautarea Evenimentelor din data Feb 30, 2020,2020-04-30 21:24:17
Clientul George a rezervat locul normal 26 la Nume de Teatru,2020-04-30 21:24:17
Clientul George a anulat rezervarea la Nume de Teatru,2020-04-30 21:24:17
Clientul George a rezervat locul VIP 46 la Nume de Teatru,2020-04-30 21:24:17
Clientul George a schimbat locul la Nume de Teatru,2020-04-30 21:24:17
Cauta Eveniment Dupa Nume,2020-04-30 21:25:43
Cauta Eveniment Dupa Nume,2020-04-30 21:25:43
Afisarea Locurilor Disponibile la Nume de Teatru,2020-04-30 21:25:43
Clientul Mariuca a rezervat locul normal 27 la Nume Film1,2020-04-30 21:25:43
Clientul Ana a rezervat locul normal 26 la Nume de Teatru,2020-04-30 21:25:43
Afisare Locuri Rezervate de Ana,2020-04-30 21:25:43
Clientul Ana a anulat rezervarea la Nume de Teatru,2020-04-30 21:25:43
Afisare Locuri Rezervate de Mariuca,2020-04-30 21:25:43
Afisarea Tuturor Evenimentelor Disponibile,2020-04-30 21:25:43
Cautarea Evenimentelor de comedie,2020-04-30 21:25:43
Cautare Locuri VIP,2020-04-30 21:25:43
Cauta Opera,2020-04-30 21:25:43
Cautarea Evenimentelor din data Feb 30, 2020,2020-04-30 21:25:43
Clientul George a rezervat locul normal 26 la Nume de Teatru,2020-04-30 21:25:43
Clientul George a anulat rezervarea la Nume de Teatru,2020-04-30 21:25:43
Clientul George a rezervat locul VIP 46 la Nume de Teatru,2020-04-30 21:25:43
Clientul George a schimbat locul la Nume de Teatru,2020-04-30 21:25:43
Cauta Eveniment Dupa Nume,2020-04-30 21:27:19
Cauta Eveniment Dupa Nume,2020-04-30 21:27:20
Afisarea Locurilor Disponibile la Nume de Teatru,2020-04-30 21:27:20
Clientul Mariuca a rezervat locul normal 27 la Nume Film1,2020-04-30 21:27:20
Clientul Ana a rezervat locul normal 26 la Nume de Teatru,2020-04-30 21:27:20
Afisare Locuri Rezervate de Ana,2020-04-30 21:27:20
Clientul Ana a anulat rezervarea la Nume de Teatru,2020-04-30 21:27:20
Afisare Locuri Rezervate de Mariuca,2020-04-30 21:27:20
Afisarea Tuturor Evenimentelor Disponibile,2020-04-30 21:27:20
Cautarea Evenimentelor de comedie,2020-04-30 21:27:20
Cautare Locuri VIP,2020-04-30 21:27:20
Cauta Opera,2020-04-30 21:27:20
Cautarea Evenimentelor din data Feb 30, 2020,2020-04-30 21:27:20
Clientul George a rezervat locul normal 26 la Nume de Teatru,2020-04-30 21:27:20
Clientul George a anulat rezervarea la Nume de Teatru,2020-04-30 21:27:20
Clientul George a rezervat locul VIP 46 la Nume de Teatru,2020-04-30 21:27:20
Clientul George a schimbat locul la Nume de Teatru,2020-04-30 21:27:20
Cauta Eveniment Dupa Nume,2020-04-30 21:27:38
Cauta Eveniment Dupa Nume,2020-04-30 21:27:38
Afisarea Locurilor Disponibile la Nume de Teatru,2020-04-30 21:27:38
Clientul Mariuca a rezervat locul normal 27 la Nume Film1,2020-04-30 21:27:38
Clientul Ana a rezervat locul normal 26 la Nume de Teatru,2020-04-30 21:27:38
Afisare Locuri Rezervate de Ana,2020-04-30 21:27:38
Clientul Ana a anulat rezervarea la Nume de Teatru,2020-04-30 21:27:38
Afisare Locuri Rezervate de Mariuca,2020-04-30 21:27:38
Afisarea Tuturor Evenimentelor Disponibile,2020-04-30 21:27:38
Cautarea Evenimentelor de comedie,2020-04-30 21:27:38
Cautare Locuri VIP,2020-04-30 21:27:38
Cauta Opera,2020-04-30 21:27:38
Cautarea Evenimentelor din data Feb 30, 2020,2020-04-30 21:27:38
Clientul George a rezervat locul normal 26 la Nume de Teatru,2020-04-30 21:27:38
Clientul George a anulat rezervarea la Nume de Teatru,2020-04-30 21:27:38
Clientul George a rezervat locul VIP 46 la Nume de Teatru,2020-04-30 21:27:38
Clientul George a schimbat locul la Nume de Teatru,2020-04-30 21:27:38
Cauta Eveniment Dupa Nume,2020-04-30 21:28:45
Cauta Eveniment Dupa Nume,2020-04-30 21:28:45
Afisarea Locurilor Disponibile la Nume de Teatru,2020-04-30 21:28:45
Clientul Mariuca a rezervat locul normal 27 la Nume Film1,2020-04-30 21:28:45
Clientul Ana a rezervat locul normal 26 la Nume de Teatru,2020-04-30 21:28:45
Afisare Locuri Rezervate de Ana,2020-04-30 21:28:45
Clientul Ana a anulat rezervarea la Nume de Teatru,2020-04-30 21:28:45
Afisare Locuri Rezervate de Mariuca,2020-04-30 21:28:45
Afisarea Tuturor Evenimentelor Disponibile,2020-04-30 21:28:45
Cautarea Evenimentelor de comedie,2020-04-30 21:28:45
Cautare Locuri VIP,2020-04-30 21:28:45
Cauta Opera,2020-04-30 21:28:45
Cautarea Evenimentelor din data Feb 30, 2020,2020-04-30 21:28:45
Clientul George a rezervat locul normal 26 la Nume de Teatru,2020-04-30 21:28:45
Clientul George a anulat rezervarea la Nume de Teatru,2020-04-30 21:28:45
Clientul George a rezervat locul VIP 46 la Nume de Teatru,2020-04-30 21:28:45
Clientul George a schimbat locul la Nume de Teatru,2020-04-30 21:28:45
Cauta Eveniment Dupa Nume,2020-04-30 21:29:15
Cauta Eveniment Dupa Nume,2020-04-30 21:29:15
Afisarea Locurilor Disponibile la Nume de Teatru,2020-04-30 21:29:15
Clientul Mariuca a rezervat locul normal 27 la Nume Film1,2020-04-30 21:29:15
Clientul Ana a rezervat locul normal 26 la Nume de Teatru,2020-04-30 21:29:15
Afisare Locuri Rezervate de Ana,2020-04-30 21:29:15
Clientul Ana a anulat rezervarea la Nume de Teatru,2020-04-30 21:29:15
Afisare Locuri Rezervate de Mariuca,2020-04-30 21:29:15
Afisarea Tuturor Evenimentelor Disponibile,2020-04-30 21:29:15
Cautarea Evenimentelor de comedie,2020-04-30 21:29:15
Cautare Locuri VIP,2020-04-30 21:29:15
Cauta Opera,2020-04-30 21:29:15
Cautarea Evenimentelor din data Feb 30, 2020,2020-04-30 21:29:15
Clientul George a rezervat locul normal 26 la Nume de Teatru,2020-04-30 21:29:15
Clientul George a anulat rezervarea la Nume de Teatru,2020-04-30 21:29:15
Clientul George a rezervat locul VIP 46 la Nume de Teatru,2020-04-30 21:29:15
Clientul George a schimbat locul la Nume de Teatru,2020-04-30 21:29:15
